date,sku_id,location_id,channel,department,forecast_horizon,forecast_units,inventory_on_hand,weeks_of_supply,risk_flag,recommended_action,recommended_markdown_pct,expected_sales,expected_margin,objective_score,reason_code,explanation
2025-12-31,SKU0001,LOC01,store,Womens Apparel,7,168.92,367.0,2.17,OK,HOLD,0.0,168.92,3158.8,3158.8,NORMAL_DEMAND,"Forecast 169 units over 7 days with 367 on hand (~2.2 weeks of supply). Recommended to hold and set markdown to 0% (reason: NORMAL_DEMAND). Expected sales 169 units, expected margin 3159."
2025-12-31,SKU0001,LOC02,store,Womens Apparel,7,111.0,246.0,2.22,OK,HOLD,0.0,111.0,2075.7,2075.7,NORMAL_DEMAND,"Forecast 111 units over 7 days with 246 on hand (~2.2 weeks of supply). Recommended to hold and set markdown to 0% (reason: NORMAL_DEMAND). Expected sales 111 units, expected margin 2076."
2025-12-31,SKU0001,LOC03,store,Womens Apparel,7,83.69,195.0,2.33,OK,HOLD,0.0,83.69,1565.0,1565.0,NORMAL_DEMAND,"Forecast 84 units over 7 days with 195 on hand (~2.3 weeks of supply). Recommended to hold and set markdown to 0% (reason: NORMAL_DEMAND). Expected sales 84 units, expected margin 1565."
2025-12-31,SKU0001,LOC04,store,Womens Apparel,7,81.51,131.0,1.61,WATCH_LOW,HOLD,0.0,81.51,1524.24,1524.04,LOW_STOCK_HIGH_DEMAND,"Forecast 82 units over 7 days with 131 on hand (~1.6 weeks of supply). Recommended to hold and set markdown to 0% (reason: LOW_STOCK_HIGH_DEMAND). Expected sales 82 units, expected margin 1524."
2025-12-31,SKU0001,LOC05,online,Womens Apparel,7,117.1,214.0,1.83,WATCH_LOW,HOLD,0.0,117.1,2189.77,2189.68,LOW_STOCK_HIGH_DEMAND,"Forecast 117 units over 7 days with 214 on hand (~1.8 weeks of supply). Recommended to hold and set markdown to 0% (reason: LOW_STOCK_HIGH_DEMAND). Expected sales 117 units, expected margin 2190."
2025-12-31,SKU0002,LOC01,store,Womens Apparel,7,216.59,238.0,1.1,WATCH_LOW,HOLD,0.0,216.59,2620.74,2620.29,LOW_STOCK_HIGH_DEMAND,"Forecast 217 units over 7 days with 238 on hand (~1.1 weeks of supply). Recommended to hold and set markdown to 0% (reason: LOW_STOCK_HIGH_DEMAND). Expected sales 217 units, expected margin 2621."
2025-12-31,SKU0002,LOC02,store,Womens Apparel,7,164.08,321.0,1.96,WATCH_LOW,HOLD,0.0,164.08,1985.37,1985.35,LOW_STOCK_HIGH_DEMAND,"Forecast 164 units over 7 days with 321 on hand (~2.0 weeks of supply). Recommended to hold and set markdown to 0% (reason: LOW_STOCK_HIGH_DEMAND). Expected sales 164 units, expected margin 1985."
2025-12-31,SKU0002,LOC03,store,Womens Apparel,7,143.47,276.0,1.92,WATCH_LOW,HOLD,0.0,143.47,1735.99,1735.95,LOW_STOCK_HIGH_DEMAND,"Forecast 143 units over 7 days with 276 on hand (~1.9 weeks of supply). Recommended to hold and set markdown to 0% (reason: LOW_STOCK_HIGH_DEMAND). Expected sales 143 units, expected margin 1736."
2025-12-31,SKU0002,LOC04,store,Womens Apparel,7,129.15,262.0,2.03,OK,HOLD,0.0,129.15,1562.72,1562.72,NORMAL_DEMAND,"Forecast 129 units over 7 days with 262 on hand (~2.0 weeks of supply). Recommended to hold and set markdown to 0% (reason: NORMAL_DEMAND). Expected sales 129 units, expected margin 1563."
2025-12-31,SKU0002,LOC05,online,Womens Apparel,7,189.13,323.0,1.71,WATCH_LOW,HOLD,0.0,189.13,2288.47,2288.33,LOW_STOCK_HIGH_DEMAND,"Forecast 189 units over 7 days with 323 on hand (~1.7 weeks of supply). Recommended to hold and set markdown to 0% (reason: LOW_STOCK_HIGH_DEMAND). Expected sales 189 units, expected margin 2288."
2025-12-31,SKU0003,LOC01,store,Womens Apparel,7,126.96,121.0,0.95,STOCKOUT,REPLENISH,0.0,121.0,3194.4,3193.88,STOCKOUT_RISK,"Forecast 127 units over 7 days with 121 on hand (~1.0 weeks of supply). Recommended to replenish and set markdown to 0% (reason: STOCKOUT_RISK). Expected sales 121 units, expected margin 3194."
2025-12-31,SKU0003,LOC02,store,Womens Apparel,7,88.25,75.0,0.85,STOCKOUT,REPLENISH,0.0,75.0,1980.0,1979.42,STOCKOUT_RISK,"Forecast 88 units over 7 days with 75 on hand (~0.8 weeks of supply). Recommended to replenish and set markdown to 0% (reason: STOCKOUT_RISK). Expected sales 75 units, expected margin 1980."
2025-12-31,SKU0003,LOC03,store,Womens Apparel,7,85.32,77.0,0.9,STOCKOUT,REPLENISH,0.0,77.0,2032.8,2032.25,STOCKOUT_RISK,"Forecast 85 units over 7 days with 77 on hand (~0.9 weeks of supply). Recommended to replenish and set markdown to 0% (reason: STOCKOUT_RISK). Expected sales 77 units, expected margin 2033."
2025-12-31,SKU0003,LOC04,store,Womens Apparel,7,57.73,89.0,1.54,WATCH_LOW,HOLD,0.0,57.73,1524.07,1523.84,LOW_STOCK_HIGH_DEMAND,"Forecast 58 units over 7 days with 89 on hand (~1.5 weeks of supply). Recommended to hold and set markdown to 0% (reason: LOW_STOCK_HIGH_DEMAND). Expected sales 58 units, expected margin 1524."
2025-12-31,SKU0003,LOC05,online,Womens Apparel,7,92.86,31.0,0.33,STOCKOUT,REPLENISH,0.0,31.0,818.4,817.57,STOCKOUT_RISK,"Forecast 93 units over 7 days with 31 on hand (~0.3 weeks of supply). Recommended to replenish and set markdown to 0% (reason: STOCKOUT_RISK). Expected sales 31 units, expected margin 818."
2025-12-31,SKU0004,LOC01,store,Womens Apparel,7,9.92,89.0,8.97,OVERSTOCK,REDUCE_EXPOSURE,0.484,9.92,58.53,57.64,HIGH_STOCK_LOW_DEMAND,"Forecast 10 units over 7 days with 89 on hand (~9.0 weeks of supply). Recommended to reduce exposure and set markdown to 48% (reason: HIGH_STOCK_LOW_DEMAND). Expected sales 10 units, expected margin 59."
2025-12-31,SKU0004,LOC02,store,Womens Apparel,7,9.36,80.0,8.55,OVERSTOCK,REDUCE_EXPOSURE,0.484,9.36,55.22,54.46,HIGH_STOCK_LOW_DEMAND,"Forecast 9 units over 7 days with 80 on hand (~8.5 weeks of supply). Recommended to reduce exposure and set markdown to 48% (reason: HIGH_STOCK_LOW_DEMAND). Expected sales 9 units, expected margin 55."
2025-12-31,SKU0004,LOC03,store,Womens Apparel,7,7.43,80.0,10.77,OVERSTOCK,REDUCE_EXPOSURE,0.484,7.43,43.84,42.41,HIGH_STOCK_LOW_DEMAND,"Forecast 7 units over 7 days with 80 on hand (~10.8 weeks of supply). Recommended to reduce exposure and set markdown to 48% (reason: HIGH_STOCK_LOW_DEMAND). Expected sales 7 units, expected margin 44."
2025-12-31,SKU0004,LOC04,store,Womens Apparel,7,6.95,59.0,8.49,OVERSTOCK,REDUCE_EXPOSURE,0.484,6.95,41.01,40.26,HIGH_STOCK_LOW_DEMAND,"Forecast 7 units over 7 days with 59 on hand (~8.5 weeks of supply). Recommended to reduce exposure and set markdown to 48% (reason: HIGH_STOCK_LOW_DEMAND). Expected sales 7 units, expected margin 41."
2025-12-31,SKU0004,LOC05,online,Womens Apparel,7,8.64,89.0,10.3,OVERSTOCK,REDUCE_EXPOSURE,0.484,8.64,50.98,49.69,HIGH_STOCK_LOW_DEMAND,"Forecast 9 units over 7 days with 89 on hand (~10.3 weeks of supply). Recommended to reduce exposure and set markdown to 48% (reason: HIGH_STOCK_LOW_DEMAND). Expected sales 9 units, expected margin 51."
2025-12-31,SKU0005,LOC01,store,Mens Apparel,7,195.89,332.0,1.69,WATCH_LOW,HOLD,0.0,195.89,2801.23,2801.07,LOW_STOCK_HIGH_DEMAND,"Forecast 196 units over 7 days with 332 on hand (~1.7 weeks of supply). Recommended to hold and set markdown to 0% (reason: LOW_STOCK_HIGH_DEMAND). Expected sales 196 units, expected margin 2801."
2025-12-31,SKU0005,LOC02,store,Mens Apparel,7,154.04,281.0,1.82,WATCH_LOW,HOLD,0.0,154.04,2202.77,2202.68,LOW_STOCK_HIGH_DEMAND,"Forecast 154 units over 7 days with 281 on hand (~1.8 weeks of supply). Recommended to hold and set markdown to 0% (reason: LOW_STOCK_HIGH_DEMAND). Expected sales 154 units, expected margin 2203."
2025-12-31,SKU0005,LOC03,store,Mens Apparel,7,122.14,194.0,1.59,WATCH_LOW,HOLD,0.0,122.14,1746.6,1746.4,LOW_STOCK_HIGH_DEMAND,"Forecast 122 units over 7 days with 194 on hand (~1.6 weeks of supply). Recommended to hold and set markdown to 0% (reason: LOW_STOCK_HIGH_DEMAND). Expected sales 122 units, expected margin 1747."
2025-12-31,SKU0005,LOC04,store,Mens Apparel,7,88.85,125.0,1.41,WATCH_LOW,HOLD,0.0,88.85,1270.56,1270.26,LOW_STOCK_HIGH_DEMAND,"Forecast 89 units over 7 days with 125 on hand (~1.4 weeks of supply). Recommended to hold and set markdown to 0% (reason: LOW_STOCK_HIGH_DEMAND). Expected sales 89 units, expected margin 1271."
2025-12-31,SKU0005,LOC05,online,Mens Apparel,7,157.64,243.0,1.54,WATCH_LOW,HOLD,0.0,157.64,2254.25,2254.02,LOW_STOCK_HIGH_DEMAND,"Forecast 158 units over 7 days with 243 on hand (~1.5 weeks of supply). Recommended to hold and set markdown to 0% (reason: LOW_STOCK_HIGH_DEMAND). Expected sales 158 units, expected margin 2254."
2025-12-31,SKU0006,LOC01,store,Mens Apparel,7,97.51,205.0,2.1,OK,HOLD,0.0,97.51,2788.79,2788.79,NORMAL_DEMAND,"Forecast 98 units over 7 days with 205 on hand (~2.1 weeks of supply). Recommended to hold and set markdown to 0% (reason: NORMAL_DEMAND). Expected sales 98 units, expected margin 2789."
2025-12-31,SKU0006,LOC02,store,Mens Apparel,7,82.92,64.0,0.77,STOCKOUT,REPLENISH,0.0,64.0,1830.4,1829.79,STOCKOUT_RISK,"Forecast 83 units over 7 days with 64 on hand (~0.8 weeks of supply). Recommended to replenish and set markdown to 0% (reason: STOCKOUT_RISK). Expected sales 64 units, expected margin 1830."
2025-12-31,SKU0006,LOC03,store,Mens Apparel,7,67.53,38.0,0.56,STOCKOUT,REPLENISH,0.0,38.0,1086.8,1086.08,STOCKOUT_RISK,"Forecast 68 units over 7 days with 38 on hand (~0.6 weeks of supply). Recommended to replenish and set markdown to 0% (reason: STOCKOUT_RISK). Expected sales 38 units, expected margin 1087."
2025-12-31,SKU0006,LOC04,store,Mens Apparel,7,58.05,107.0,1.84,WATCH_LOW,HOLD,0.0,58.05,1660.23,1660.15,LOW_STOCK_HIGH_DEMAND,"Forecast 58 units over 7 days with 107 on hand (~1.8 weeks of supply). Recommended to hold and set markdown to 0% (reason: LOW_STOCK_HIGH_DEMAND). Expected sales 58 units, expected margin 1660."
2025-12-31,SKU0006,LOC05,online,Mens Apparel,7,76.29,140.0,1.84,WATCH_LOW,HOLD,0.0,76.29,2181.89,2181.81,LOW_STOCK_HIGH_DEMAND,"Forecast 76 units over 7 days with 140 on hand (~1.8 weeks of supply). Recommended to hold and set markdown to 0% (reason: LOW_STOCK_HIGH_DEMAND). Expected sales 76 units, expected margin 2182."
2025-12-31,SKU0007,LOC01,store,Mens Apparel,7,126.1,100.0,0.79,STOCKOUT,REPLENISH,0.433,100.0,513.0,512.4,STOCKOUT_RISK,"Forecast 126 units over 7 days with 100 on hand (~0.8 weeks of supply). Recommended to replenish and set markdown to 43% (reason: STOCKOUT_RISK). Expected sales 100 units, expected margin 513."
2025-12-31,SKU0007,LOC02,store,Mens Apparel,7,10.97,0.0,0.0,STOCKOUT,REPLENISH,0.433,10.97,56.28,55.28,STOCKOUT_RISK,"Forecast 11 units over 7 days with 0 on hand (~0.0 weeks of supply). Recommended to replenish and set markdown to 43% (reason: STOCKOUT_RISK). Expected sales 11 units, expected margin 56."
2025-12-31,SKU0007,LOC03,store,Mens Apparel,7,89.41,34.0,0.38,STOCKOUT,REPLENISH,0.433,34.0,174.42,173.61,STOCKOUT_RISK,"Forecast 89 units over 7 days with 34 on hand (~0.4 weeks of supply). Recommended to replenish and set markdown to 43% (reason: STOCKOUT_RISK). Expected sales 34 units, expected margin 174."
2025-12-31,SKU0007,LOC04,store,Mens Apparel,7,75.6,90.0,1.19,WATCH_LOW,HOLD,0.433,75.6,387.83,387.42,LOW_STOCK_HIGH_DEMAND,"Forecast 76 units over 7 days with 90 on hand (~1.2 weeks of supply). Recommended to hold and set markdown to 43% (reason: LOW_STOCK_HIGH_DEMAND). Expected sales 76 units, expected margin 388."
2025-12-31,SKU0007,LOC05,online,Mens Apparel,7,93.04,72.0,0.77,STOCKOUT,REPLENISH,0.433,72.0,369.36,368.75,STOCKOUT_RISK,"Forecast 93 units over 7 days with 72 on hand (~0.8 weeks of supply). Recommended to replenish and set markdown to 43% (reason: STOCKOUT_RISK). Expected sales 72 units, expected margin 369."
2025-12-31,SKU0008,LOC01,store,Mens Apparel,7,6.07,112.0,18.45,OVERSTOCK,REDUCE_EXPOSURE,0.304,6.07,147.62,143.89,HIGH_STOCK_LOW_DEMAND,"Forecast 6 units over 7 days with 112 on hand (~18.5 weeks of supply). Recommended to reduce exposure and set markdown to 30% (reason: HIGH_STOCK_LOW_DEMAND). Expected sales 6 units, expected margin 148."
2025-12-31,SKU0008,LOC02,store,Mens Apparel,7,7.26,98.0,13.5,OVERSTOCK,REDUCE_EXPOSURE,0.304,7.26,176.56,174.31,HIGH_STOCK_LOW_DEMAND,"Forecast 7 units over 7 days with 98 on hand (~13.5 weeks of supply). Recommended to reduce exposure and set markdown to 30% (reason: HIGH_STOCK_LOW_DEMAND). Expected sales 7 units, expected margin 177."
2025-12-31,SKU0008,LOC03,store,Mens Apparel,7,7.75,27.0,3.48,OK,HOLD,0.304,7.75,188.48,188.48,NORMAL_DEMAND,"Forecast 8 units over 7 days with 27 on hand (~3.5 weeks of supply). Recommended to hold and set markdown to 30% (reason: NORMAL_DEMAND). Expected sales 8 units, expected margin 188."
2025-12-31,SKU0008,LOC04,store,Mens Apparel,7,7.75,67.0,8.65,OVERSTOCK,REDUCE_EXPOSURE,0.304,7.75,188.48,187.69,HIGH_STOCK_LOW_DEMAND,"Forecast 8 units over 7 days with 67 on hand (~8.6 weeks of supply). Recommended to reduce exposure and set markdown to 30% (reason: HIGH_STOCK_LOW_DEMAND). Expected sales 8 units, expected margin 188."
2025-12-31,SKU0008,LOC05,online,Mens Apparel,7,8.76,79.0,9.02,OVERSTOCK,REDUCE_EXPOSURE,0.304,8.76,213.04,212.14,HIGH_STOCK_LOW_DEMAND,"Forecast 9 units over 7 days with 79 on hand (~9.0 weeks of supply). Recommended to reduce exposure and set markdown to 30% (reason: HIGH_STOCK_LOW_DEMAND). Expected sales 9 units, expected margin 213."
2025-12-31,SKU0009,LOC01,store,Home,7,100.18,202.0,2.02,OK,HOLD,0.0,100.18,3250.84,3250.84,NORMAL_DEMAND,"Forecast 100 units over 7 days with 202 on hand (~2.0 weeks of supply). Recommended to hold and set markdown to 0% (reason: NORMAL_DEMAND). Expected sales 100 units, expected margin 3251."
2025-12-31,SKU0009,LOC02,store,Home,7,63.24,169.0,2.67,OK,HOLD,0.0,63.24,2052.14,2052.14,NORMAL_DEMAND,"Forecast 63 units over 7 days with 169 on hand (~2.7 weeks of supply). Recommended to hold and set markdown to 0% (reason: NORMAL_DEMAND). Expected sales 63 units, expected margin 2052."
2025-12-31,SKU0009,LOC03,store,Home,7,45.7,73.0,1.6,WATCH_LOW,HOLD,0.0,45.7,1482.97,1482.76,LOW_STOCK_HIGH_DEMAND,"Forecast 46 units over 7 days with 73 on hand (~1.6 weeks of supply). Recommended to hold and set markdown to 0% (reason: LOW_STOCK_HIGH_DEMAND). Expected sales 46 units, expected margin 1483."
2025-12-31,SKU0009,LOC04,store,Home,7,64.86,124.0,1.91,WATCH_LOW,HOLD,0.0,64.86,2104.71,2104.66,LOW_STOCK_HIGH_DEMAND,"Forecast 65 units over 7 days with 124 on hand (~1.9 weeks of supply). Recommended to hold and set markdown to 0% (reason: LOW_STOCK_HIGH_DEMAND). Expected sales 65 units, expected margin 2105."
2025-12-31,SKU0009,LOC05,online,Home,7,76.85,69.0,0.9,STOCKOUT,REPLENISH,0.0,69.0,2239.05,2238.5,STOCKOUT_RISK,"Forecast 77 units over 7 days with 69 on hand (~0.9 weeks of supply). Recommended to replenish and set markdown to 0% (reason: STOCKOUT_RISK). Expected sales 69 units, expected margin 2239."
2025-12-31,SKU0010,LOC01,store,Home,7,92.96,143.0,1.54,WATCH_LOW,HOLD,0.254,92.96,2172.48,2172.24,LOW_STOCK_HIGH_DEMAND,"Forecast 93 units over 7 days with 143 on hand (~1.5 weeks of supply). Recommended to hold and set markdown to 25% (reason: LOW_STOCK_HIGH_DEMAND). Expected sales 93 units, expected margin 2172."
2025-12-31,SKU0010,LOC02,store,Home,7,60.33,64.0,1.06,WATCH_LOW,HOLD,0.254,60.33,1409.91,1409.44,LOW_STOCK_HIGH_DEMAND,"Forecast 60 units over 7 days with 64 on hand (~1.1 weeks of supply). Recommended to hold and set markdown to 25% (reason: LOW_STOCK_HIGH_DEMAND). Expected sales 60 units, expected margin 1410."
2025-12-31,SKU0010,LOC03,store,Home,7,68.83,94.0,1.37,WATCH_LOW,HOLD,0.254,68.83,1608.56,1608.24,LOW_STOCK_HIGH_DEMAND,"Forecast 69 units over 7 days with 94 on hand (~1.4 weeks of supply). Recommended to hold and set markdown to 25% (reason: LOW_STOCK_HIGH_DEMAND). Expected sales 69 units, expected margin 1609."
2025-12-31,SKU0010,LOC04,store,Home,7,51.21,81.0,1.58,WATCH_LOW,HOLD,0.254,51.21,1196.78,1196.57,LOW_STOCK_HIGH_DEMAND,"Forecast 51 units over 7 days with 81 on hand (~1.6 weeks of supply). Recommended to hold and set markdown to 25% (reason: LOW_STOCK_HIGH_DEMAND). Expected sales 51 units, expected margin 1197."
2025-12-31,SKU0010,LOC05,online,Home,7,71.86,99.0,1.38,WATCH_LOW,HOLD,0.254,71.86,1679.37,1679.06,LOW_STOCK_HIGH_DEMAND,"Forecast 72 units over 7 days with 99 on hand (~1.4 weeks of supply). Recommended to hold and set markdown to 25% (reason: LOW_STOCK_HIGH_DEMAND). Expected sales 72 units, expected margin 1679."
2025-12-31,SKU0011,LOC01,store,Home,7,247.34,347.0,1.4,WATCH_LOW,HOLD,0.0,247.34,2448.67,2448.37,LOW_STOCK_HIGH_DEMAND,"Forecast 247 units over 7 days with 347 on hand (~1.4 weeks of supply). Recommended to hold and set markdown to 0% (reason: LOW_STOCK_HIGH_DEMAND). Expected sales 247 units, expected margin 2449."
2025-12-31,SKU0011,LOC02,store,Home,7,209.42,376.0,1.8,WATCH_LOW,HOLD,0.0,209.42,2073.26,2073.16,LOW_STOCK_HIGH_DEMAND,"Forecast 209 units over 7 days with 376 on hand (~1.8 weeks of supply). Recommended to hold and set markdown to 0% (reason: LOW_STOCK_HIGH_DEMAND). Expected sales 209 units, expected margin 2073."
2025-12-31,SKU0011,LOC03,store,Home,7,164.93,236.0,1.43,WATCH_LOW,HOLD,0.0,164.93,1632.81,1632.52,LOW_STOCK_HIGH_DEMAND,"Forecast 165 units over 7 days with 236 on hand (~1.4 weeks of supply). Recommended to hold and set markdown to 0% (reason: LOW_STOCK_HIGH_DEMAND). Expected sales 165 units, expected margin 1633."
2025-12-31,SKU0011,LOC04,store,Home,7,123.37,256.0,2.08,OK,HOLD,0.0,123.37,1221.36,1221.36,NORMAL_DEMAND,"Forecast 123 units over 7 days with 256 on hand (~2.1 weeks of supply). Recommended to hold and set markdown to 0% (reason: NORMAL_DEMAND). Expected sales 123 units, expected margin 1221."
2025-12-31,SKU0011,LOC05,online,Home,7,200.72,427.0,2.13,OK,HOLD,0.0,200.72,1987.13,1987.13,NORMAL_DEMAND,"Forecast 201 units over 7 days with 427 on hand (~2.1 weeks of supply). Recommended to hold and set markdown to 0% (reason: NORMAL_DEMAND). Expected sales 201 units, expected margin 1987."
2025-12-31,SKU0012,LOC01,store,Home,7,4.92,341.0,69.31,OVERSTOCK,REDUCE_EXPOSURE,0.323,4.92,26.81,7.82,HIGH_STOCK_LOW_DEMAND,"Forecast 5 units over 7 days with 341 on hand (~69.3 weeks of supply). Recommended to reduce exposure and set markdown to 32% (reason: HIGH_STOCK_LOW_DEMAND). Expected sales 5 units, expected margin 27."
2025-12-31,SKU0012,LOC02,store,Home,7,4.37,283.0,64.76,OVERSTOCK,REDUCE_EXPOSURE,0.323,4.37,23.82,6.19,HIGH_STOCK_LOW_DEMAND,"Forecast 4 units over 7 days with 283 on hand (~64.8 weeks of supply). Recommended to reduce exposure and set markdown to 32% (reason: HIGH_STOCK_LOW_DEMAND). Expected sales 4 units, expected margin 24."
2025-12-31,SKU0012,LOC03,store,Home,7,4.12,185.0,44.9,OVERSTOCK,REDUCE_EXPOSURE,0.323,4.12,22.45,10.78,HIGH_STOCK_LOW_DEMAND,"Forecast 4 units over 7 days with 185 on hand (~44.9 weeks of supply). Recommended to reduce exposure and set markdown to 32% (reason: HIGH_STOCK_LOW_DEMAND). Expected sales 4 units, expected margin 22."
2025-12-31,SKU0012,LOC04,store,Home,7,3.66,153.0,41.8,OVERSTOCK,REDUCE_EXPOSURE,0.323,3.66,19.95,9.21,HIGH_STOCK_LOW_DEMAND,"Forecast 4 units over 7 days with 153 on hand (~41.8 weeks of supply). Recommended to reduce exposure and set markdown to 32% (reason: HIGH_STOCK_LOW_DEMAND). Expected sales 4 units, expected margin 20."
2025-12-31,SKU0012,LOC05,online,Home,7,6.46,286.0,44.27,OVERSTOCK,REDUCE_EXPOSURE,0.323,6.46,35.21,23.73,HIGH_STOCK_LOW_DEMAND,"Forecast 6 units over 7 days with 286 on hand (~44.3 weeks of supply). Recommended to reduce exposure and set markdown to 32% (reason: HIGH_STOCK_LOW_DEMAND). Expected sales 6 units, expected margin 35."
2025-12-31,SKU0001,LOC01,store,Womens Apparel,14,318.48,367.0,2.3,OK,HOLD,0.0,318.48,5955.58,5955.58,NORMAL_DEMAND,"Forecast 318 units over 14 days with 367 on hand (~2.3 weeks of supply). Recommended to hold and set markdown to 0% (reason: NORMAL_DEMAND). Expected sales 318 units, expected margin 5956."
2025-12-31,SKU0001,LOC02,store,Womens Apparel,14,223.91,246.0,2.2,OK,HOLD,0.0,223.91,4187.12,4187.12,NORMAL_DEMAND,"Forecast 224 units over 14 days with 246 on hand (~2.2 weeks of supply). Recommended to hold and set markdown to 0% (reason: NORMAL_DEMAND). Expected sales 224 units, expected margin 4187."
2025-12-31,SKU0001,LOC03,store,Womens Apparel,14,173.34,195.0,2.25,OK,HOLD,0.0,173.34,3241.46,3241.46,NORMAL_DEMAND,"Forecast 173 units over 14 days with 195 on hand (~2.2 weeks of supply). Recommended to hold and set markdown to 0% (reason: NORMAL_DEMAND). Expected sales 173 units, expected margin 3241."
2025-12-31,SKU0001,LOC04,store,Womens Apparel,14,162.14,131.0,1.62,WATCH_LOW,HOLD,0.0,131.0,2449.7,2449.51,LOW_STOCK_HIGH_DEMAND,"Forecast 162 units over 14 days with 131 on hand (~1.6 weeks of supply). Recommended to hold and set markdown to 0% (reason: LOW_STOCK_HIGH_DEMAND). Expected sales 131 units, expected margin 2450."
2025-12-31,SKU0001,LOC05,online,Womens Apparel,14,232.02,214.0,1.84,WATCH_LOW,HOLD,0.0,214.0,4001.8,4001.72,LOW_STOCK_HIGH_DEMAND,"Forecast 232 units over 14 days with 214 on hand (~1.8 weeks of supply). Recommended to hold and set markdown to 0% (reason: LOW_STOCK_HIGH_DEMAND). Expected sales 214 units, expected margin 4002."
2025-12-31,SKU0002,LOC01,store,Womens Apparel,14,402.79,238.0,1.18,WATCH_LOW,HOLD,0.0,238.0,2879.8,2879.39,LOW_STOCK_HIGH_DEMAND,"Forecast 403 units over 14 days with 238 on hand (~1.2 weeks of supply). Recommended to hold and set markdown to 0% (reason: LOW_STOCK_HIGH_DEMAND). Expected sales 238 units, expected margin 2880."
2025-12-31,SKU0002,LOC02,store,Womens Apparel,14,314.68,321.0,2.04,OK,HOLD,0.0,314.68,3807.63,3807.63,NORMAL_DEMAND,"Forecast 315 units over 14 days with 321 on hand (~2.0 weeks of supply). Recommended to hold and set markdown to 0% (reason: NORMAL_DEMAND). Expected sales 315 units, expected margin 3808."
2025-12-31,SKU0002,LOC03,store,Womens Apparel,14,276.53,276.0,2.0,WATCH_LOW,HOLD,0.0,276.0,3339.6,3339.6,LOW_STOCK_HIGH_DEMAND,"Forecast 277 units over 14 days with 276 on hand (~2.0 weeks of supply). Recommended to hold and set markdown to 0% (reason: LOW_STOCK_HIGH_DEMAND). Expected sales 276 units, expected margin 3340."
2025-12-31,SKU0002,LOC04,store,Womens Apparel,14,251.12,262.0,2.09,OK,HOLD,0.0,251.12,3038.55,3038.55,NORMAL_DEMAND,"Forecast 251 units over 14 days with 262 on hand (~2.1 weeks of supply). Recommended to hold and set markdown to 0% (reason: NORMAL_DEMAND). Expected sales 251 units, expected margin 3039."
2025-12-31,SKU0002,LOC05,online,Womens Apparel,14,368.34,323.0,1.75,WATCH_LOW,HOLD,0.0,323.0,3908.3,3908.18,LOW_STOCK_HIGH_DEMAND,"Forecast 368 units over 14 days with 323 on hand (~1.8 weeks of supply). Recommended to hold and set markdown to 0% (reason: LOW_STOCK_HIGH_DEMAND). Expected sales 323 units, expected margin 3908."
2025-12-31,SKU0003,LOC01,store,Womens Apparel,14,244.68,121.0,0.99,STOCKOUT,REPLENISH,0.0,121.0,3194.4,3193.89,STOCKOUT_RISK,"Forecast 245 units over 14 days with 121 on hand (~1.0 weeks of supply). Recommended to replenish and set markdown to 0% (reason: STOCKOUT_RISK). Expected sales 121 units, expected margin 3194."
2025-12-31,SKU0003,LOC02,store,Womens Apparel,14,178.54,75.0,0.84,STOCKOUT,REPLENISH,0.0,75.0,1980.0,1979.42,STOCKOUT_RISK,"Forecast 179 units over 14 days with 75 on hand (~0.8 weeks of supply). Recommended to replenish and set markdown to 0% (reason: STOCKOUT_RISK). Expected sales 75 units, expected margin 1980."
2025-12-31,SKU0003,LOC03,store,Womens Apparel,14,167.54,77.0,0.92,STOCKOUT,REPLENISH,0.0,77.0,2032.8,2032.26,STOCKOUT_RISK,"Forecast 168 units over 14 days with 77 on hand (~0.9 weeks of supply). Recommended to replenish and set markdown to 0% (reason: STOCKOUT_RISK). Expected sales 77 units, expected margin 2033."
2025-12-31,SKU0003,LOC04,store,Womens Apparel,14,117.57,89.0,1.51,WATCH_LOW,HOLD,0.0,89.0,2349.6,2349.36,LOW_STOCK_HIGH_DEMAND,"Forecast 118 units over 14 days with 89 on hand (~1.5 weeks of supply). Recommended to hold and set markdown to 0% (reason: LOW_STOCK_HIGH_DEMAND). Expected sales 89 units, expected margin 2350."
2025-12-31,SKU0003,LOC05,online,Womens Apparel,14,182.15,31.0,0.34,STOCKOUT,REPLENISH,0.0,31.0,818.4,817.57,STOCKOUT_RISK,"Forecast 182 units over 14 days with 31 on hand (~0.3 weeks of supply). Recommended to replenish and set markdown to 0% (reason: STOCKOUT_RISK). Expected sales 31 units, expected margin 818."
2025-12-31,SKU0004,LOC01,store,Womens Apparel,14,26.46,89.0,6.73,WATCH_HIGH,TRANSFER,0.484,26.46,156.11,155.9,OVERSTOCK_RISK,"Forecast 26 units over 14 days with 89 on hand (~6.7 weeks of supply). Recommended to transfer and set markdown to 48% (reason: OVERSTOCK_RISK). Expected sales 26 units, expected margin 156."
2025-12-31,SKU0004,LOC02,store,Womens Apparel,14,25.49,80.0,6.28,WATCH_HIGH,TRANSFER,0.484,25.49,150.39,150.31,OVERSTOCK_RISK,"Forecast 25 units over 14 days with 80 on hand (~6.3 weeks of supply). Recommended to transfer and set markdown to 48% (reason: OVERSTOCK_RISK). Expected sales 25 units, expected margin 150."
2025-12-31,SKU0004,LOC03,store,Womens Apparel,14,20.65,80.0,7.75,WATCH_HIGH,TRANSFER,0.484,20.65,121.84,121.31,OVERSTOCK_RISK,"Forecast 21 units over 14 days with 80 on hand (~7.7 weeks of supply). Recommended to transfer and set markdown to 48% (reason: OVERSTOCK_RISK). Expected sales 21 units, expected margin 122."
2025-12-31,SKU0004,LOC04,store,Womens Apparel,14,19.83,59.0,5.95,OK,HOLD,0.484,19.83,117.0,117.0,NORMAL_DEMAND,"Forecast 20 units over 14 days with 59 on hand (~6.0 weeks of supply). Recommended to hold and set markdown to 48% (reason: NORMAL_DEMAND). Expected sales 20 units, expected margin 117."
2025-12-31,SKU0004,LOC05,online,Womens Apparel,14,24.13,89.0,7.38,WATCH_HIGH,TRANSFER,0.484,24.13,142.37,141.95,OVERSTOCK_RISK,"Forecast 24 units over 14 days with 89 on hand (~7.4 weeks of supply). Recommended to transfer and set markdown to 48% (reason: OVERSTOCK_RISK). Expected sales 24 units, expected margin 142."
2025-12-31,SKU0005,LOC01,store,Mens Apparel,14,368.06,332.0,1.8,WATCH_LOW,HOLD,0.0,332.0,4747.6,4747.5,LOW_STOCK_HIGH_DEMAND,"Forecast 368 units over 14 days with 332 on hand (~1.8 weeks of supply). Recommended to hold and set markdown to 0% (reason: LOW_STOCK_HIGH_DEMAND). Expected sales 332 units, expected margin 4748."
2025-12-31,SKU0005,LOC02,store,Mens Apparel,14,293.72,281.0,1.91,WATCH_LOW,HOLD,0.0,281.0,4018.3,4018.26,LOW_STOCK_HIGH_DEMAND,"Forecast 294 units over 14 days with 281 on hand (~1.9 weeks of supply). Recommended to hold and set markdown to 0% (reason: LOW_STOCK_HIGH_DEMAND). Expected sales 281 units, expected margin 4018."
2025-12-31,SKU0005,LOC03,store,Mens Apparel,14,236.23,194.0,1.64,WATCH_LOW,HOLD,0.0,194.0,2774.2,2774.02,LOW_STOCK_HIGH_DEMAND,"Forecast 236 units over 14 days with 194 on hand (~1.6 weeks of supply). Recommended to hold and set markdown to 0% (reason: LOW_STOCK_HIGH_DEMAND). Expected sales 194 units, expected margin 2774."
2025-12-31,SKU0005,LOC04,store,Mens Apparel,14,174.73,125.0,1.43,WATCH_LOW,HOLD,0.0,125.0,1787.5,1787.22,LOW_STOCK_HIGH_DEMAND,"Forecast 175 units over 14 days with 125 on hand (~1.4 weeks of supply). Recommended to hold and set markdown to 0% (reason: LOW_STOCK_HIGH_DEMAND). Expected sales 125 units, expected margin 1788."
2025-12-31,SKU0005,LOC05,online,Mens Apparel,14,302.35,243.0,1.61,WATCH_LOW,HOLD,0.0,243.0,3474.9,3474.7,LOW_STOCK_HIGH_DEMAND,"Forecast 302 units over 14 days with 243 on hand (~1.6 weeks of supply). Recommended to hold and set markdown to 0% (reason: LOW_STOCK_HIGH_DEMAND). Expected sales 243 units, expected margin 3475."
2025-12-31,SKU0006,LOC01,store,Mens Apparel,14,198.04,205.0,2.07,OK,HOLD,0.0,198.04,5663.94,5663.94,NORMAL_DEMAND,"Forecast 198 units over 14 days with 205 on hand (~2.1 weeks of supply). Recommended to hold and set markdown to 0% (reason: NORMAL_DEMAND). Expected sales 198 units, expected margin 5664."
2025-12-31,SKU0006,LOC02,store,Mens Apparel,14,164.45,64.0,0.78,STOCKOUT,REPLENISH,0.0,64.0,1830.4,1829.79,STOCKOUT_RISK,"Forecast 164 units over 14 days with 64 on hand (~0.8 weeks of supply). Recommended to replenish and set markdown to 0% (reason: STOCKOUT_RISK). Expected sales 64 units, expected margin 1830."
2025-12-31,SKU0006,LOC03,store,Mens Apparel,14,132.69,38.0,0.57,STOCKOUT,REPLENISH,0.0,38.0,1086.8,1086.09,STOCKOUT_RISK,"Forecast 133 units over 14 days with 38 on hand (~0.6 weeks of supply). Recommended to replenish and set markdown to 0% (reason: STOCKOUT_RISK). Expected sales 38 units, expected margin 1087."
2025-12-31,SKU0006,LOC04,store,Mens Apparel,14,114.25,107.0,1.87,WATCH_LOW,HOLD,0.0,107.0,3060.2,3060.14,LOW_STOCK_HIGH_DEMAND,"Forecast 114 units over 14 days with 107 on hand (~1.9 weeks of supply). Recommended to hold and set markdown to 0% (reason: LOW_STOCK_HIGH_DEMAND). Expected sales 107 units, expected margin 3060."
2025-12-31,SKU0006,LOC05,online,Mens Apparel,14,155.09,140.0,1.81,WATCH_LOW,HOLD,0.0,140.0,4004.0,4003.9,LOW_STOCK_HIGH_DEMAND,"Forecast 155 units over 14 days with 140 on hand (~1.8 weeks of supply). Recommended to hold and set markdown to 0% (reason: LOW_STOCK_HIGH_DEMAND). Expected sales 140 units, expected margin 4004."
2025-12-31,SKU0007,LOC01,store,Mens Apparel,14,252.28,100.0,0.79,STOCKOUT,REPLENISH,0.433,100.0,513.0,512.4,STOCKOUT_RISK,"Forecast 252 units over 14 days with 100 on hand (~0.8 weeks of supply). Recommended to replenish and set markdown to 43% (reason: STOCKOUT_RISK). Expected sales 100 units, expected margin 513."
2025-12-31,SKU0007,LOC02,store,Mens Apparel,14,22.38,0.0,0.0,STOCKOUT,REPLENISH,0.433,22.38,114.81,113.81,STOCKOUT_RISK,"Forecast 22 units over 14 days with 0 on hand (~0.0 weeks of supply). Recommended to replenish and set markdown to 43% (reason: STOCKOUT_RISK). Expected sales 22 units, expected margin 115."
2025-12-31,SKU0007,LOC03,store,Mens Apparel,14,177.67,34.0,0.38,STOCKOUT,REPLENISH,0.433,34.0,174.42,173.61,STOCKOUT_RISK,"Forecast 178 units over 14 days with 34 on hand (~0.4 weeks of supply). Recommended to replenish and set markdown to 43% (reason: STOCKOUT_RISK). Expected sales 34 units, expected margin 174."
2025-12-31,SKU0007,LOC04,store,Mens Apparel,14,154.31,90.0,1.17,WATCH_LOW,HOLD,0.433,90.0,461.7,461.28,LOW_STOCK_HIGH_DEMAND,"Forecast 154 units over 14 days with 90 on hand (~1.2 weeks of supply). Recommended to hold and set markdown to 43% (reason: LOW_STOCK_HIGH_DEMAND). Expected sales 90 units, expected margin 462."
2025-12-31,SKU0007,LOC05,online,Mens Apparel,14,182.36,72.0,0.79,STOCKOUT,REPLENISH,0.433,72.0,369.36,368.75,STOCKOUT_RISK,"Forecast 182 units over 14 days with 72 on hand (~0.8 weeks of supply). Recommended to replenish and set markdown to 43% (reason: STOCKOUT_RISK). Expected sales 72 units, expected margin 369."
2025-12-31,SKU0008,LOC01,store,Mens Apparel,14,13.54,112.0,16.54,OVERSTOCK,REDUCE_EXPOSURE,0.304,13.54,329.29,326.13,HIGH_STOCK_LOW_DEMAND,"Forecast 14 units over 14 days with 112 on hand (~16.5 weeks of supply). Recommended to reduce exposure and set markdown to 30% (reason: HIGH_STOCK_LOW_DEMAND). Expected sales 14 units, expected margin 329."
2025-12-31,SKU0008,LOC02,store,Mens Apparel,14,15.74,98.0,12.45,OVERSTOCK,REDUCE_EXPOSURE,0.304,15.74,382.8,380.86,HIGH_STOCK_LOW_DEMAND,"Forecast 16 units over 14 days with 98 on hand (~12.5 weeks of supply). Recommended to reduce exposure and set markdown to 30% (reason: HIGH_STOCK_LOW_DEMAND). Expected sales 16 units, expected margin 383."
2025-12-31,SKU0008,LOC03,store,Mens Apparel,14,16.82,27.0,3.21,OK,HOLD,0.304,16.82,409.06,409.06,NORMAL_DEMAND,"Forecast 17 units over 14 days with 27 on hand (~3.2 weeks of supply). Recommended to hold and set markdown to 30% (reason: NORMAL_DEMAND). Expected sales 17 units, expected margin 409."
2025-12-31,SKU0008,LOC04,store,Mens Apparel,14,16.83,67.0,7.96,WATCH_HIGH,TRANSFER,0.304,16.83,409.31,408.72,OVERSTOCK_RISK,"Forecast 17 units over 14 days with 67 on hand (~8.0 weeks of supply). Recommended to transfer and set markdown to 30% (reason: OVERSTOCK_RISK). Expected sales 17 units, expected margin 409."
2025-12-31,SKU0008,LOC05,online,Mens Apparel,14,21.77,79.0,7.26,WATCH_HIGH,TRANSFER,0.304,21.77,529.45,529.07,OVERSTOCK_RISK,"Forecast 22 units over 14 days with 79 on hand (~7.3 weeks of supply). Recommended to transfer and set markdown to 30% (reason: OVERSTOCK_RISK). Expected sales 22 units, expected margin 529."
2025-12-31,SKU0009,LOC01,store,Home,14,199.47,202.0,2.03,OK,HOLD,0.0,199.47,6472.8,6472.8,NORMAL_DEMAND,"Forecast 199 units over 14 days with 202 on hand (~2.0 weeks of supply). Recommended to hold and set markdown to 0% (reason: NORMAL_DEMAND). Expected sales 199 units, expected margin 6473."
2025-12-31,SKU0009,LOC02,store,Home,14,127.63,169.0,2.65,OK,HOLD,0.0,127.63,4141.59,4141.59,NORMAL_DEMAND,"Forecast 128 units over 14 days with 169 on hand (~2.6 weeks of supply). Recommended to hold and set markdown to 0% (reason: NORMAL_DEMAND). Expected sales 128 units, expected margin 4142."
2025-12-31,SKU0009,LOC03,store,Home,14,88.8,73.0,1.64,WATCH_LOW,HOLD,0.0,73.0,2368.85,2368.67,LOW_STOCK_HIGH_DEMAND,"Forecast 89 units over 14 days with 73 on hand (~1.6 weeks of supply). Recommended to hold and set markdown to 0% (reason: LOW_STOCK_HIGH_DEMAND). Expected sales 73 units, expected margin 2369."
2025-12-31,SKU0009,LOC04,store,Home,14,132.16,124.0,1.88,WATCH_LOW,HOLD,0.0,124.0,4023.8,4023.74,LOW_STOCK_HIGH_DEMAND,"Forecast 132 units over 14 days with 124 on hand (~1.9 weeks of supply). Recommended to hold and set markdown to 0% (reason: LOW_STOCK_HIGH_DEMAND). Expected sales 124 units, expected margin 4024."
2025-12-31,SKU0009,LOC05,online,Home,14,156.25,69.0,0.88,STOCKOUT,REPLENISH,0.0,69.0,2239.05,2238.49,STOCKOUT_RISK,"Forecast 156 units over 14 days with 69 on hand (~0.9 weeks of supply). Recommended to replenish and set markdown to 0% (reason: STOCKOUT_RISK). Expected sales 69 units, expected margin 2239."
2025-12-31,SKU0010,LOC01,store,Home,14,190.3,143.0,1.5,WATCH_LOW,HOLD,0.254,143.0,3341.91,3341.66,LOW_STOCK_HIGH_DEMAND,"Forecast 190 units over 14 days with 143 on hand (~1.5 weeks of supply). Recommended to hold and set markdown to 25% (reason: LOW_STOCK_HIGH_DEMAND). Expected sales 143 units, expected margin 3342."
2025-12-31,SKU0010,LOC02,store,Home,14,115.15,64.0,1.11,WATCH_LOW,HOLD,0.254,64.0,1495.68,1495.24,LOW_STOCK_HIGH_DEMAND,"Forecast 115 units over 14 days with 64 on hand (~1.1 weeks of supply). Recommended to hold and set markdown to 25% (reason: LOW_STOCK_HIGH_DEMAND). Expected sales 64 units, expected margin 1496."
2025-12-31,SKU0010,LOC03,store,Home,14,135.78,94.0,1.38,WATCH_LOW,HOLD,0.254,94.0,2196.78,2196.47,LOW_STOCK_HIGH_DEMAND,"Forecast 136 units over 14 days with 94 on hand (~1.4 weeks of supply). Recommended to hold and set markdown to 25% (reason: LOW_STOCK_HIGH_DEMAND). Expected sales 94 units, expected margin 2197."
2025-12-31,SKU0010,LOC04,store,Home,14,101.52,81.0,1.6,WATCH_LOW,HOLD,0.254,81.0,1892.97,1892.77,LOW_STOCK_HIGH_DEMAND,"Forecast 102 units over 14 days with 81 on hand (~1.6 weeks of supply). Recommended to hold and set markdown to 25% (reason: LOW_STOCK_HIGH_DEMAND). Expected sales 81 units, expected margin 1893."
2025-12-31,SKU0010,LOC05,online,Home,14,135.5,99.0,1.46,WATCH_LOW,HOLD,0.254,99.0,2313.63,2313.36,LOW_STOCK_HIGH_DEMAND,"Forecast 136 units over 14 days with 99 on hand (~1.5 weeks of supply). Recommended to hold and set markdown to 25% (reason: LOW_STOCK_HIGH_DEMAND). Expected sales 99 units, expected margin 2314."
2025-12-31,SKU0011,LOC01,store,Home,14,488.91,347.0,1.42,WATCH_LOW,HOLD,0.0,347.0,3435.3,3435.01,LOW_STOCK_HIGH_DEMAND,"Forecast 489 units over 14 days with 347 on hand (~1.4 weeks of supply). Recommended to hold and set markdown to 0% (reason: LOW_STOCK_HIGH_DEMAND). Expected sales 347 units, expected margin 3435."
2025-12-31,SKU0011,LOC02,store,Home,14,413.65,376.0,1.82,WATCH_LOW,HOLD,0.0,376.0,3722.4,3722.31,LOW_STOCK_HIGH_DEMAND,"Forecast 414 units over 14 days with 376 on hand (~1.8 weeks of supply). Recommended to hold and set markdown to 0% (reason: LOW_STOCK_HIGH_DEMAND). Expected sales 376 units, expected margin 3722."
2025-12-31,SKU0011,LOC03,store,Home,14,309.29,236.0,1.53,WATCH_LOW,HOLD,0.0,236.0,2336.4,2336.16,LOW_STOCK_HIGH_DEMAND,"Forecast 309 units over 14 days with 236 on hand (~1.5 weeks of supply). Recommended to hold and set markdown to 0% (reason: LOW_STOCK_HIGH_DEMAND). Expected sales 236 units, expected margin 2336."
2025-12-31,SKU0011,LOC04,store,Home,14,241.83,256.0,2.12,OK,HOLD,0.0,241.83,2394.12,2394.12,NORMAL_DEMAND,"Forecast 242 units over 14 days with 256 on hand (~2.1 weeks of supply). Recommended to hold and set markdown to 0% (reason: NORMAL_DEMAND). Expected sales 242 units, expected margin 2394."
2025-12-31,SKU0011,LOC05,online,Home,14,400.45,427.0,2.13,OK,HOLD,0.0,400.45,3964.45,3964.45,NORMAL_DEMAND,"Forecast 400 units over 14 days with 427 on hand (~2.1 weeks of supply). Recommended to hold and set markdown to 0% (reason: NORMAL_DEMAND). Expected sales 400 units, expected margin 3964."
2025-12-31,SKU0012,LOC01,store,Home,14,10.82,341.0,63.03,OVERSTOCK,REDUCE_EXPOSURE,0.323,10.82,58.97,41.86,HIGH_STOCK_LOW_DEMAND,"Forecast 11 units over 14 days with 341 on hand (~63.0 weeks of supply). Recommended to reduce exposure and set markdown to 32% (reason: HIGH_STOCK_LOW_DEMAND). Expected sales 11 units, expected margin 59."
2025-12-31,SKU0012,LOC02,store,Home,14,10.08,283.0,56.15,OVERSTOCK,REDUCE_EXPOSURE,0.323,10.08,54.94,39.89,HIGH_STOCK_LOW_DEMAND,"Forecast 10 units over 14 days with 283 on hand (~56.2 weeks of supply). Recommended to reduce exposure and set markdown to 32% (reason: HIGH_STOCK_LOW_DEMAND). Expected sales 10 units, expected margin 55."
2025-12-31,SKU0012,LOC03,store,Home,14,9.22,185.0,40.13,OVERSTOCK,REDUCE_EXPOSURE,0.323,9.22,50.25,40.01,HIGH_STOCK_LOW_DEMAND,"Forecast 9 units over 14 days with 185 on hand (~40.1 weeks of supply). Recommended to reduce exposure and set markdown to 32% (reason: HIGH_STOCK_LOW_DEMAND). Expected sales 9 units, expected margin 50."
2025-12-31,SKU0012,LOC04,store,Home,14,8.53,153.0,35.87,OVERSTOCK,REDUCE_EXPOSURE,0.323,8.53,46.49,37.53,HIGH_STOCK_LOW_DEMAND,"Forecast 9 units over 14 days with 153 on hand (~35.9 weeks of supply). Recommended to reduce exposure and set markdown to 32% (reason: HIGH_STOCK_LOW_DEMAND). Expected sales 9 units, expected margin 46."
2025-12-31,SKU0012,LOC05,online,Home,14,13.72,286.0,41.69,OVERSTOCK,REDUCE_EXPOSURE,0.323,13.72,74.77,64.07,HIGH_STOCK_LOW_DEMAND,"Forecast 14 units over 14 days with 286 on hand (~41.7 weeks of supply). Recommended to reduce exposure and set markdown to 32% (reason: HIGH_STOCK_LOW_DEMAND). Expected sales 14 units, expected margin 75."
2025-12-31,SKU0001,LOC01,store,Womens Apparel,28,608.6,367.0,2.41,OK,HOLD,0.0,367.0,6862.9,6862.9,NORMAL_DEMAND,"Forecast 609 units over 28 days with 367 on hand (~2.4 weeks of supply). Recommended to hold and set markdown to 0% (reason: NORMAL_DEMAND). Expected sales 367 units, expected margin 6863."
2025-12-31,SKU0001,LOC02,store,Womens Apparel,28,445.36,246.0,2.21,OK,HOLD,0.0,246.0,4600.2,4600.2,NORMAL_DEMAND,"Forecast 445 units over 28 days with 246 on hand (~2.2 weeks of supply). Recommended to hold and set markdown to 0% (reason: NORMAL_DEMAND). Expected sales 246 units, expected margin 4600."
2025-12-31,SKU0001,LOC03,store,Womens Apparel,28,345.78,195.0,2.26,OK,HOLD,0.0,195.0,3646.5,3646.5,NORMAL_DEMAND,"Forecast 346 units over 28 days with 195 on hand (~2.3 weeks of supply). Recommended to hold and set markdown to 0% (reason: NORMAL_DEMAND). Expected sales 195 units, expected margin 3647."
2025-12-31,SKU0001,LOC04,store,Womens Apparel,28,317.89,131.0,1.65,WATCH_LOW,HOLD,0.0,131.0,2449.7,2449.52,LOW_STOCK_HIGH_DEMAND,"Forecast 318 units over 28 days with 131 on hand (~1.6 weeks of supply). Recommended to hold and set markdown to 0% (reason: LOW_STOCK_HIGH_DEMAND). Expected sales 131 units, expected margin 2450."
2025-12-31,SKU0001,LOC05,online,Womens Apparel,28,458.6,214.0,1.87,WATCH_LOW,HOLD,0.0,214.0,4001.8,4001.73,LOW_STOCK_HIGH_DEMAND,"Forecast 459 units over 28 days with 214 on hand (~1.9 weeks of supply). Recommended to hold and set markdown to 0% (reason: LOW_STOCK_HIGH_DEMAND). Expected sales 214 units, expected margin 4002."
2025-12-31,SKU0002,LOC01,store,Womens Apparel,28,789.43,238.0,1.21,WATCH_LOW,HOLD,0.0,238.0,2879.8,2879.4,LOW_STOCK_HIGH_DEMAND,"Forecast 789 units over 28 days with 238 on hand (~1.2 weeks of supply). Recommended to hold and set markdown to 0% (reason: LOW_STOCK_HIGH_DEMAND). Expected sales 238 units, expected margin 2880."
2025-12-31,SKU0002,LOC02,store,Womens Apparel,28,607.62,321.0,2.11,OK,HOLD,0.0,321.0,3884.1,3884.1,NORMAL_DEMAND,"Forecast 608 units over 28 days with 321 on hand (~2.1 weeks of supply). Recommended to hold and set markdown to 0% (reason: NORMAL_DEMAND). Expected sales 321 units, expected margin 3884."
2025-12-31,SKU0002,LOC03,store,Womens Apparel,28,522.43,276.0,2.11,OK,HOLD,0.0,276.0,3339.6,3339.6,NORMAL_DEMAND,"Forecast 522 units over 28 days with 276 on hand (~2.1 weeks of supply). Recommended to hold and set markdown to 0% (reason: NORMAL_DEMAND). Expected sales 276 units, expected margin 3340."
2025-12-31,SKU0002,LOC04,store,Womens Apparel,28,486.7,262.0,2.15,OK,HOLD,0.0,262.0,3170.2,3170.2,NORMAL_DEMAND,"Forecast 487 units over 28 days with 262 on hand (~2.2 weeks of supply). Recommended to hold and set markdown to 0% (reason: NORMAL_DEMAND). Expected sales 262 units, expected margin 3170."
2025-12-31,SKU0002,LOC05,online,Womens Apparel,28,707.7,323.0,1.83,WATCH_LOW,HOLD,0.0,323.0,3908.3,3908.21,LOW_STOCK_HIGH_DEMAND,"Forecast 708 units over 28 days with 323 on hand (~1.8 weeks of supply). Recommended to hold and set markdown to 0% (reason: LOW_STOCK_HIGH_DEMAND). Expected sales 323 units, expected margin 3908."
2025-12-31,SKU0003,LOC01,store,Womens Apparel,28,493.16,121.0,0.98,STOCKOUT,REPLENISH,0.0,121.0,3194.4,3193.89,STOCKOUT_RISK,"Forecast 493 units over 28 days with 121 on hand (~1.0 weeks of supply). Recommended to replenish and set markdown to 0% (reason: STOCKOUT_RISK). Expected sales 121 units, expected margin 3194."
2025-12-31,SKU0003,LOC02,store,Womens Apparel,28,368.64,75.0,0.81,STOCKOUT,REPLENISH,0.0,75.0,1980.0,1979.41,STOCKOUT_RISK,"Forecast 369 units over 28 days with 75 on hand (~0.8 weeks of supply). Recommended to replenish and set markdown to 0% (reason: STOCKOUT_RISK). Expected sales 75 units, expected margin 1980."
2025-12-31,SKU0003,LOC03,store,Womens Apparel,28,329.07,77.0,0.94,STOCKOUT,REPLENISH,0.0,77.0,2032.8,2032.27,STOCKOUT_RISK,"Forecast 329 units over 28 days with 77 on hand (~0.9 weeks of supply). Recommended to replenish and set markdown to 0% (reason: STOCKOUT_RISK). Expected sales 77 units, expected margin 2033."
2025-12-31,SKU0003,LOC04,store,Womens Apparel,28,230.45,89.0,1.54,WATCH_LOW,HOLD,0.0,89.0,2349.6,2349.37,LOW_STOCK_HIGH_DEMAND,"Forecast 230 units over 28 days with 89 on hand (~1.5 weeks of supply). Recommended to hold and set markdown to 0% (reason: LOW_STOCK_HIGH_DEMAND). Expected sales 89 units, expected margin 2350."
2025-12-31,SKU0003,LOC05,online,Womens Apparel,28,356.18,31.0,0.35,STOCKOUT,REPLENISH,0.0,31.0,818.4,817.57,STOCKOUT_RISK,"Forecast 356 units over 28 days with 31 on hand (~0.3 weeks of supply). Recommended to replenish and set markdown to 0% (reason: STOCKOUT_RISK). Expected sales 31 units, expected margin 818."
2025-12-31,SKU0004,LOC01,store,Womens Apparel,28,61.52,89.0,5.79,OK,HOLD,0.484,61.52,362.97,362.97,NORMAL_DEMAND,"Forecast 62 units over 28 days with 89 on hand (~5.8 weeks of supply). Recommended to hold and set markdown to 48% (reason: NORMAL_DEMAND). Expected sales 62 units, expected margin 363."
2025-12-31,SKU0004,LOC02,store,Womens Apparel,28,60.56,80.0,5.28,OK,HOLD,0.484,60.56,357.3,357.3,NORMAL_DEMAND,"Forecast 61 units over 28 days with 80 on hand (~5.3 weeks of supply). Recommended to hold and set markdown to 48% (reason: NORMAL_DEMAND). Expected sales 61 units, expected margin 357."
2025-12-31,SKU0004,LOC03,store,Womens Apparel,28,49.02,80.0,6.53,WATCH_HIGH,TRANSFER,0.484,49.02,289.22,289.06,OVERSTOCK_RISK,"Forecast 49 units over 28 days with 80 on hand (~6.5 weeks of supply). Recommended to transfer and set markdown to 48% (reason: OVERSTOCK_RISK). Expected sales 49 units, expected margin 289."
2025-12-31,SKU0004,LOC04,store,Womens Apparel,28,47.05,59.0,5.02,OK,HOLD,0.484,47.05,277.6,277.6,NORMAL_DEMAND,"Forecast 47 units over 28 days with 59 on hand (~5.0 weeks of supply). Recommended to hold and set markdown to 48% (reason: NORMAL_DEMAND). Expected sales 47 units, expected margin 278."
2025-12-31,SKU0004,LOC05,online,Womens Apparel,28,54.75,89.0,6.5,WATCH_HIGH,TRANSFER,0.484,54.75,323.03,322.87,OVERSTOCK_RISK,"Forecast 55 units over 28 days with 89 on hand (~6.5 weeks of supply). Recommended to transfer and set markdown to 48% (reason: OVERSTOCK_RISK). Expected sales 55 units, expected margin 323."
2025-12-31,SKU0005,LOC01,store,Mens Apparel,28,690.66,332.0,1.92,WATCH_LOW,HOLD,0.0,332.0,4747.6,4747.56,LOW_STOCK_HIGH_DEMAND,"Forecast 691 units over 28 days with 332 on hand (~1.9 weeks of supply). Recommended to hold and set markdown to 0% (reason: LOW_STOCK_HIGH_DEMAND). Expected sales 332 units, expected margin 4748."
2025-12-31,SKU0005,LOC02,store,Mens Apparel,28,552.49,281.0,2.03,OK,HOLD,0.0,281.0,4018.3,4018.3,NORMAL_DEMAND,"Forecast 552 units over 28 days with 281 on hand (~2.0 weeks of supply). Recommended to hold and set markdown to 0% (reason: NORMAL_DEMAND). Expected sales 281 units, expected margin 4018."
2025-12-31,SKU0005,LOC03,store,Mens Apparel,28,459.46,194.0,1.69,WATCH_LOW,HOLD,0.0,194.0,2774.2,2774.04,LOW_STOCK_HIGH_DEMAND,"Forecast 459 units over 28 days with 194 on hand (~1.7 weeks of supply). Recommended to hold and set markdown to 0% (reason: LOW_STOCK_HIGH_DEMAND). Expected sales 194 units, expected margin 2774."
2025-12-31,SKU0005,LOC04,store,Mens Apparel,28,342.27,125.0,1.46,WATCH_LOW,HOLD,0.0,125.0,1787.5,1787.23,LOW_STOCK_HIGH_DEMAND,"Forecast 342 units over 28 days with 125 on hand (~1.5 weeks of supply). Recommended to hold and set markdown to 0% (reason: LOW_STOCK_HIGH_DEMAND). Expected sales 125 units, expected margin 1788."
2025-12-31,SKU0005,LOC05,online,Mens Apparel,28,585.16,243.0,1.66,WATCH_LOW,HOLD,0.0,243.0,3474.9,3474.73,LOW_STOCK_HIGH_DEMAND,"Forecast 585 units over 28 days with 243 on hand (~1.7 weeks of supply). Recommended to hold and set markdown to 0% (reason: LOW_STOCK_HIGH_DEMAND). Expected sales 243 units, expected margin 3475."
2025-12-31,SKU0006,LOC01,store,Mens Apparel,28,395.83,205.0,2.07,OK,HOLD,0.0,205.0,5863.0,5863.0,NORMAL_DEMAND,"Forecast 396 units over 28 days with 205 on hand (~2.1 weeks of supply). Recommended to hold and set markdown to 0% (reason: NORMAL_DEMAND). Expected sales 205 units, expected margin 5863."
2025-12-31,SKU0006,LOC02,store,Mens Apparel,28,327.58,64.0,0.78,STOCKOUT,REPLENISH,0.0,64.0,1830.4,1829.79,STOCKOUT_RISK,"Forecast 328 units over 28 days with 64 on hand (~0.8 weeks of supply). Recommended to replenish and set markdown to 0% (reason: STOCKOUT_RISK). Expected sales 64 units, expected margin 1830."
2025-12-31,SKU0006,LOC03,store,Mens Apparel,28,256.71,38.0,0.59,STOCKOUT,REPLENISH,0.0,38.0,1086.8,1086.1,STOCKOUT_RISK,"Forecast 257 units over 28 days with 38 on hand (~0.6 weeks of supply). Recommended to replenish and set markdown to 0% (reason: STOCKOUT_RISK). Expected sales 38 units, expected margin 1087."
2025-12-31,SKU0006,LOC04,store,Mens Apparel,28,224.49,107.0,1.91,WATCH_LOW,HOLD,0.0,107.0,3060.2,3060.15,LOW_STOCK_HIGH_DEMAND,"Forecast 224 units over 28 days with 107 on hand (~1.9 weeks of supply). Recommended to hold and set markdown to 0% (reason: LOW_STOCK_HIGH_DEMAND). Expected sales 107 units, expected margin 3060."
2025-12-31,SKU0006,LOC05,online,Mens Apparel,28,309.58,140.0,1.81,WATCH_LOW,HOLD,0.0,140.0,4004.0,4003.9,LOW_STOCK_HIGH_DEMAND,"Forecast 310 units over 28 days with 140 on hand (~1.8 weeks of supply). Recommended to hold and set markdown to 0% (reason: LOW_STOCK_HIGH_DEMAND). Expected sales 140 units, expected margin 4004."
2025-12-31,SKU0007,LOC01,store,Mens Apparel,28,510.97,100.0,0.78,STOCKOUT,REPLENISH,0.433,100.0,513.0,512.39,STOCKOUT_RISK,"Forecast 511 units over 28 days with 100 on hand (~0.8 weeks of supply). Recommended to replenish and set markdown to 43% (reason: STOCKOUT_RISK). Expected sales 100 units, expected margin 513."
2025-12-31,SKU0007,LOC02,store,Mens Apparel,28,25.13,0.0,0.0,STOCKOUT,REPLENISH,0.433,25.13,128.92,127.92,STOCKOUT_RISK,"Forecast 25 units over 28 days with 0 on hand (~0.0 weeks of supply). Recommended to replenish and set markdown to 43% (reason: STOCKOUT_RISK). Expected sales 25 units, expected margin 129."
2025-12-31,SKU0007,LOC03,store,Mens Apparel,28,347.41,34.0,0.39,STOCKOUT,REPLENISH,0.433,34.0,174.42,173.62,STOCKOUT_RISK,"Forecast 347 units over 28 days with 34 on hand (~0.4 weeks of supply). Recommended to replenish and set markdown to 43% (reason: STOCKOUT_RISK). Expected sales 34 units, expected margin 174."
2025-12-31,SKU0007,LOC04,store,Mens Apparel,28,326.98,90.0,1.1,WATCH_LOW,HOLD,0.433,90.0,461.7,461.25,LOW_STOCK_HIGH_DEMAND,"Forecast 327 units over 28 days with 90 on hand (~1.1 weeks of supply). Recommended to hold and set markdown to 43% (reason: LOW_STOCK_HIGH_DEMAND). Expected sales 90 units, expected margin 462."
2025-12-31,SKU0007,LOC05,online,Mens Apparel,28,349.83,72.0,0.82,STOCKOUT,REPLENISH,0.433,72.0,369.36,368.77,STOCKOUT_RISK,"Forecast 350 units over 28 days with 72 on hand (~0.8 weeks of supply). Recommended to replenish and set markdown to 43% (reason: STOCKOUT_RISK). Expected sales 72 units, expected margin 369."
2025-12-31,SKU0008,LOC01,store,Mens Apparel,28,24.98,112.0,17.93,OVERSTOCK,REDUCE_EXPOSURE,0.304,24.98,607.51,603.93,HIGH_STOCK_LOW_DEMAND,"Forecast 25 units over 28 days with 112 on hand (~17.9 weeks of supply). Recommended to reduce exposure and set markdown to 30% (reason: HIGH_STOCK_LOW_DEMAND). Expected sales 25 units, expected margin 608."
2025-12-31,SKU0008,LOC02,store,Mens Apparel,28,29.29,98.0,13.38,OVERSTOCK,REDUCE_EXPOSURE,0.304,29.29,712.33,710.12,HIGH_STOCK_LOW_DEMAND,"Forecast 29 units over 28 days with 98 on hand (~13.4 weeks of supply). Recommended to reduce exposure and set markdown to 30% (reason: HIGH_STOCK_LOW_DEMAND). Expected sales 29 units, expected margin 712."
2025-12-31,SKU0008,LOC03,store,Mens Apparel,28,31.41,27.0,3.44,OK,HOLD,0.304,27.0,656.64,656.64,NORMAL_DEMAND,"Forecast 31 units over 28 days with 27 on hand (~3.4 weeks of supply). Recommended to hold and set markdown to 30% (reason: NORMAL_DEMAND). Expected sales 27 units, expected margin 657."
2025-12-31,SKU0008,LOC04,store,Mens Apparel,28,31.41,67.0,8.53,OVERSTOCK,REDUCE_EXPOSURE,0.304,31.41,763.89,763.13,HIGH_STOCK_LOW_DEMAND,"Forecast 31 units over 28 days with 67 on hand (~8.5 weeks of supply). Recommended to reduce exposure and set markdown to 30% (reason: HIGH_STOCK_LOW_DEMAND). Expected sales 31 units, expected margin 764."
2025-12-31,SKU0008,LOC05,online,Mens Apparel,28,46.24,79.0,6.83,WATCH_HIGH,TRANSFER,0.304,46.24,1124.56,1124.31,OVERSTOCK_RISK,"Forecast 46 units over 28 days with 79 on hand (~6.8 weeks of supply). Recommended to transfer and set markdown to 30% (reason: OVERSTOCK_RISK). Expected sales 46 units, expected margin 1125."
2025-12-31,SKU0009,LOC01,store,Home,28,395.37,202.0,2.04,OK,HOLD,0.0,202.0,6554.9,6554.9,NORMAL_DEMAND,"Forecast 395 units over 28 days with 202 on hand (~2.0 weeks of supply). Recommended to hold and set markdown to 0% (reason: NORMAL_DEMAND). Expected sales 202 units, expected margin 6555."
2025-12-31,SKU0009,LOC02,store,Home,28,258.56,169.0,2.61,OK,HOLD,0.0,169.0,5484.05,5484.05,NORMAL_DEMAND,"Forecast 259 units over 28 days with 169 on hand (~2.6 weeks of supply). Recommended to hold and set markdown to 0% (reason: NORMAL_DEMAND). Expected sales 169 units, expected margin 5484."
2025-12-31,SKU0009,LOC03,store,Home,28,177.86,73.0,1.64,WATCH_LOW,HOLD,0.0,73.0,2368.85,2368.67,LOW_STOCK_HIGH_DEMAND,"Forecast 178 units over 28 days with 73 on hand (~1.6 weeks of supply). Recommended to hold and set markdown to 0% (reason: LOW_STOCK_HIGH_DEMAND). Expected sales 73 units, expected margin 2369."
2025-12-31,SKU0009,LOC04,store,Home,28,260.79,124.0,1.9,WATCH_LOW,HOLD,0.0,124.0,4023.8,4023.75,LOW_STOCK_HIGH_DEMAND,"Forecast 261 units over 28 days with 124 on hand (~1.9 weeks of supply). Recommended to hold and set markdown to 0% (reason: LOW_STOCK_HIGH_DEMAND). Expected sales 124 units, expected margin 4024."
2025-12-31,SKU0009,LOC05,online,Home,28,323.12,69.0,0.85,STOCKOUT,REPLENISH,0.0,69.0,2239.05,2238.48,STOCKOUT_RISK,"Forecast 323 units over 28 days with 69 on hand (~0.9 weeks of supply). Recommended to replenish and set markdown to 0% (reason: STOCKOUT_RISK). Expected sales 69 units, expected margin 2239."
2025-12-31,SKU0010,LOC01,store,Home,28,382.3,143.0,1.5,WATCH_LOW,HOLD,0.254,143.0,3341.91,3341.66,LOW_STOCK_HIGH_DEMAND,"Forecast 382 units over 28 days with 143 on hand (~1.5 weeks of supply). Recommended to hold and set markdown to 25% (reason: LOW_STOCK_HIGH_DEMAND). Expected sales 143 units, expected margin 3342."
2025-12-31,SKU0010,LOC02,store,Home,28,213.85,64.0,1.2,WATCH_LOW,HOLD,0.254,64.0,1495.68,1495.28,LOW_STOCK_HIGH_DEMAND,"Forecast 214 units over 28 days with 64 on hand (~1.2 weeks of supply). Recommended to hold and set markdown to 25% (reason: LOW_STOCK_HIGH_DEMAND). Expected sales 64 units, expected margin 1496."
2025-12-31,SKU0010,LOC03,store,Home,28,266.41,94.0,1.41,WATCH_LOW,HOLD,0.254,94.0,2196.78,2196.49,LOW_STOCK_HIGH_DEMAND,"Forecast 266 units over 28 days with 94 on hand (~1.4 weeks of supply). Recommended to hold and set markdown to 25% (reason: LOW_STOCK_HIGH_DEMAND). Expected sales 94 units, expected margin 2197."
2025-12-31,SKU0010,LOC04,store,Home,28,206.86,81.0,1.57,WATCH_LOW,HOLD,0.254,81.0,1892.97,1892.75,LOW_STOCK_HIGH_DEMAND,"Forecast 207 units over 28 days with 81 on hand (~1.6 weeks of supply). Recommended to hold and set markdown to 25% (reason: LOW_STOCK_HIGH_DEMAND). Expected sales 81 units, expected margin 1893."
2025-12-31,SKU0010,LOC05,online,Home,28,269.05,99.0,1.47,WATCH_LOW,HOLD,0.254,99.0,2313.63,2313.37,LOW_STOCK_HIGH_DEMAND,"Forecast 269 units over 28 days with 99 on hand (~1.5 weeks of supply). Recommended to hold and set markdown to 25% (reason: LOW_STOCK_HIGH_DEMAND). Expected sales 99 units, expected margin 2314."
2025-12-31,SKU0011,LOC01,store,Home,28,951.16,347.0,1.46,WATCH_LOW,HOLD,0.0,347.0,3435.3,3435.03,LOW_STOCK_HIGH_DEMAND,"Forecast 951 units over 28 days with 347 on hand (~1.5 weeks of supply). Recommended to hold and set markdown to 0% (reason: LOW_STOCK_HIGH_DEMAND). Expected sales 347 units, expected margin 3435."
2025-12-31,SKU0011,LOC02,store,Home,28,809.86,376.0,1.86,WATCH_LOW,HOLD,0.0,376.0,3722.4,3722.33,LOW_STOCK_HIGH_DEMAND,"Forecast 810 units over 28 days with 376 on hand (~1.9 weeks of supply). Recommended to hold and set markdown to 0% (reason: LOW_STOCK_HIGH_DEMAND). Expected sales 376 units, expected margin 3722."
2025-12-31,SKU0011,LOC03,store,Home,28,582.9,236.0,1.62,WATCH_LOW,HOLD,0.0,236.0,2336.4,2336.21,LOW_STOCK_HIGH_DEMAND,"Forecast 583 units over 28 days with 236 on hand (~1.6 weeks of supply). Recommended to hold and set markdown to 0% (reason: LOW_STOCK_HIGH_DEMAND). Expected sales 236 units, expected margin 2336."
2025-12-31,SKU0011,LOC04,store,Home,28,474.76,256.0,2.16,OK,HOLD,0.0,256.0,2534.4,2534.4,NORMAL_DEMAND,"Forecast 475 units over 28 days with 256 on hand (~2.2 weeks of supply). Recommended to hold and set markdown to 0% (reason: NORMAL_DEMAND). Expected sales 256 units, expected margin 2534."
2025-12-31,SKU0011,LOC05,online,Home,28,801.84,427.0,2.13,OK,HOLD,0.0,427.0,4227.3,4227.3,NORMAL_DEMAND,"Forecast 802 units over 28 days with 427 on hand (~2.1 weeks of supply). Recommended to hold and set markdown to 0% (reason: NORMAL_DEMAND). Expected sales 427 units, expected margin 4227."
2025-12-31,SKU0012,LOC01,store,Home,28,19.18,341.0,71.12,OVERSTOCK,REDUCE_EXPOSURE,0.323,19.18,104.53,85.0,HIGH_STOCK_LOW_DEMAND,"Forecast 19 units over 28 days with 341 on hand (~71.1 weeks of supply). Recommended to reduce exposure and set markdown to 32% (reason: HIGH_STOCK_LOW_DEMAND). Expected sales 19 units, expected margin 105."
2025-12-31,SKU0012,LOC02,store,Home,28,17.56,283.0,64.46,OVERSTOCK,REDUCE_EXPOSURE,0.323,17.56,95.7,78.16,HIGH_STOCK_LOW_DEMAND,"Forecast 18 units over 28 days with 283 on hand (~64.5 weeks of supply). Recommended to reduce exposure and set markdown to 32% (reason: HIGH_STOCK_LOW_DEMAND). Expected sales 18 units, expected margin 96."
2025-12-31,SKU0012,LOC03,store,Home,28,16.85,185.0,43.92,OVERSTOCK,REDUCE_EXPOSURE,0.323,16.85,91.83,80.46,HIGH_STOCK_LOW_DEMAND,"Forecast 17 units over 28 days with 185 on hand (~43.9 weeks of supply). Recommended to reduce exposure and set markdown to 32% (reason: HIGH_STOCK_LOW_DEMAND). Expected sales 17 units, expected margin 92."
2025-12-31,SKU0012,LOC04,store,Home,28,15.63,153.0,39.16,OVERSTOCK,REDUCE_EXPOSURE,0.323,15.63,85.18,75.24,HIGH_STOCK_LOW_DEMAND,"Forecast 16 units over 28 days with 153 on hand (~39.2 weeks of supply). Recommended to reduce exposure and set markdown to 32% (reason: HIGH_STOCK_LOW_DEMAND). Expected sales 16 units, expected margin 85."
2025-12-31,SKU0012,LOC05,online,Home,28,23.65,286.0,48.37,OVERSTOCK,REDUCE_EXPOSURE,0.323,23.65,128.89,116.18,HIGH_STOCK_LOW_DEMAND,"Forecast 24 units over 28 days with 286 on hand (~48.4 weeks of supply). Recommended to reduce exposure and set markdown to 32% (reason: HIGH_STOCK_LOW_DEMAND). Expected sales 24 units, expected margin 129."
